{"groups": [1, 2, 3, 4, 5, 6, 7, 8, 9, 10], "mat": [[0.00017600245770069912, 4.007121988814136e-05], [9.77222837651095e-05, 0.00022245827790960142], [0.0001860697482972802, -9.668714690133188e-05], [9.50368953325174e-05, -1.4874180614436703e-05], [-9.789822271415463e-06, 4.086351233902721e-05], [1.4674617946260961e-05, 0.0001446688696644006], [7.611132886454206e-05, 1.230338485390756e-05], [4.45406985595115e-05, 3.341692223393028e-05], [0.0001491596489554409, -2.0350023516122287e-05], [3.161065145331764e-05, -8.448621564252287e-05]]}