{
    "groups": [1, 2, 3, 4, 5],
    "mat": [
        [-1.5720240350349937, 14.12304704178744],
        [-1.573462737603917, 14.135760868137805],
        [-1.5734347883411282, 14.135509316149411],
        [-1.5734290482054138, 14.135461134361275],
        [-1.5734394974092665, 14.135551519427528]

    ]
}