{"cluster": [0, 0, 0, 0, 0, 0, 0, 0, 0, 0, 0, 0, 0, 0, 0, 0, 0, 0, 0, 0, 0, 0, 0, 0, 0, 0, 0, 0, 0, 0, 0, 0, 0, 0, 0, 0, 0, 0, 0, 0, 0, 0, 0, 0, 1, 0, 0, 0, 0, 0, 0, 0, 0, 0, 0, 0, 0, 0, 0, 0, 0, 0, 0, 0, 0, 0, 0, 0, 0, 0, 0, 0, 0, 3, 0, 0, 0, 0, 0, 0, 0, 0, 0, 0, 0, 0, 0, 0, 0, 0, 0, 2, 0, 0, 0, 0, 0, 0, 0, 0], "groups": [1, 2, 3, 4, 5, 6, 7, 8, 9, 10, 11, 12, 13, 14, 15, 16, 17, 18, 19, 20, 21, 22, 23, 24, 25, 26, 27, 28, 29, 30, 31, 32, 33, 34, 35, 36, 37, 38, 39, 40, 41, 42, 43, 44, 45, 46, 47, 48, 49, 50, 51, 52, 53, 54, 55, 56, 57, 58, 59, 60, 61, 62, 63, 64, 65, 66, 67, 68, 69, 70, 71, 72, 73, 74, 75, 76, 77, 78, 79, 80, 81, 82, 83, 84, 85, 86, 87, 88, 89, 90, 91, 92, 93, 94, 95, 96, 97, 98, 99, 100], "mat": [[5.573724474806089, 31.483475222015603], [-21.768023008611685, 79.33713257768821], [65.418991898145, 40.941885465053126], [86.7446764677386, 53.116800568503706], [38.36600917162891, -31.538022996247516], [75.14202450948828, 25.572235077403274], [159.08105095645504, 18.98687605195412], [71.04510326383473, 69.87438128241698], [49.48778424852266, -17.409276710424805], [80.57773672148852, -41.95659009119924], [51.68212081851416, 19.176970991562644], [-1.1405505012245098, -35.904086768105685], [-10.392948617757263, -3.656609457251846], [-36.589451248106926, 49.32452676894161], [96.71115759773757, -42.575936091914286], [97.89035509093743, -16.28706462217181], [21.160885322665397, 38.60675289983897], [21.72349524907261, -32.601498467584314], [-57.52645304146466, -21.05509507620891], [-57.48342922991668, 77.2624800792698], [8.840657364267908, 47.6981724928187], [100.30543239038452, 5.031970787373756], [-122.55796620215108, 148.06140607944474], [-20.120065449114005, 20.51594082622961], [59.79892719238904, -32.922477292276625], [-48.245132262923114, -60.57370509424245], [8.143149170383252, -50.59808766122821], [-33.69378581678766, 35.75245440683652], [37.63445152951508, -48.32841510798467], [24.83678894232138, -45.999518579734726], [40.29688419883635, 35.74622609301812], [-87.55349504366585, -71.76366087570253], [-9.690900894546754, 42.27122791802725], [28.425146431560215, -15.093736253155678], [-108.43517997299843, -41.805961347488015], [61.442794835499456, -6.147977546195446], [-17.18689307622444, 60.20996739741296], [15.751949646026267, -76.24053514556172], [23.335394205205276, 86.7757523237388], [58.280310470405404, -49.18675407200253], [-5.951889914459698, -70.53580361432458], [11.743038305193304, -5.386205568700166], [-23.94936974423942, -72.44244675665216], [-74.43438068478625, 60.690145853601734], [358.8676777508282, -83.72224932930949], [15.777485252065848, -99.82396799241978], [-98.63132804273769, 42.47323596556143], [4.957899290161923, 91.41277344196277], [-17.984850061219372, -125.74452981682482], [-12.80011944759685, -92.89859730598873], [58.17363736906134, -65.56536295236667], [-6.442005544012235, 105.68886925690788], [5.110730341691214, 67.7287274271969], [-37.279823882544655, 67.06842854241424], [-19.184253080600303, -25.213847155634447], [4.286293172699914, -19.908967114155494], [-9.8474496877434, -50.449555926514705], [-55.5126840275106, 54.16151221208231], [-52.836395404426646, 35.23337303260203], [-33.35263438701179, 100.72714508703348], [40.84286200317337, -69.0393026412969], [-13.45563925124049, 146.9266828194728], [-75.5616201414019, -27.406846346907585], [42.772600447614884, 81.64314724330414], [76.23583320681267, -68.90908844760598], [-36.12706559883798, -102.41583906784898], [75.25954134394416, -21.13492126803111], [-72.07428903810265, 38.51153216367945], [29.131864156905074, 64.98518239474336], [76.87291625337583, 3.4124939283236198], [34.51252203379799, 4.06200534602235], [100.47807607330475, 33.6615203550874], [-91.54507526535907, 14.640846358613176], [5.936394346833959, -609.5920290151896], [-47.391674963889876, -39.49918652281046], [-52.15137684354422, 13.699859392152916], [-69.74349277281503, -55.79176353001593], [26.408138558747606, 117.8126646249579], [-82.54178039689977, -45.248128800434316], [-70.00562680341861, 12.916003754922652], [-80.8155978893616, -0.7468116099258068], [-31.626240817484096, -46.949684484940995], [37.60853656702069, -111.23443201192747], [-44.117573157709025, -2.8094283201152352], [-37.540410748834, -22.749006707603225], [47.926699502831475, -91.72704400331182], [-50.487890761837264, -80.60159062378003], [-27.668001067705095, -3.1933547843998875], [-61.86109273395562, -1.4151036050761474], [-92.9681061765577, -13.42198420218113], [20.82089942481153, -145.51638493547276], [-46.00715204967372, 384.1827949942711], [-111.60534887425408, -4.372922910373827], [-3.5911828800441534, 11.272090028351727], [44.21066303346729, 109.3122014022073], [20.25385651297541, 17.135243492977892], [-59.350470321876834, 137.75522295426862], [49.41482745597308, 54.592047893968015], [-87.80362812201352, 99.50756067086559], [-67.35295213400465, -100.82184846356155]]}