{"cluster": [44, 13, 16, 0, 1, 33, 31, 46, 2, 43, 3, 4, 13, 5, 6, 32, 7, 44, 8, 9, 10, 0, 37, 11, 12, 13, 14, 15, 16, 49, 20, 17, 46, 18, 19, 20, 21, 37, 49, 22, 40, 23, 24, 46, 47, 25, 26, 27, 2, 46, 48, 0, 28, 29, 30, 47, 20, 12, 31, 2, 32, 32, 15, 33, 44, 34, 15, 35, 48, 40, 36, 22, 22, 37, 38, 39, 3, 48, 40, 49, 41, 42, 43, 44, 45, 46, 3, 49, 21, 47, 48, 47, 0, 16, 49, 21, 0, 37, 31, 49], "groups": [48449, 19308, 6697, 19213, 55268, 63316, 46618, 29960, 58073, 5791, 23805, 60836, 5689, 32928, 9414, 19117, 56320, 56150, 12630, 18177, 23013, 13731, 28963, 25416, 43101, 49504, 19453, 38890, 71569, 56789, 63481, 54302, 51415, 52497, 71529, 18283, 37551, 43476, 4451, 63490, 40762, 48805, 51701, 45415, 1472, 808, 51602, 5712, 46675, 8467, 11861, 58474, 74116, 36323, 2413, 55766, 69057, 9763, 13664, 54464, 31942, 26113, 24603, 65280, 58636, 55120, 35510, 47127, 73698, 67999, 49414, 5451, 64462, 65718, 6654, 49225, 55111, 31571, 70729, 59904, 24475, 8464, 4606, 9534, 60601, 70653, 70052, 19164, 47887, 1163, 13803, 1424, 62449, 17781, 64140, 34555, 22244, 5185, 68318, 42609], "mat": [[-61.89383145697036, -22.019095406720655], [48.391457046087915, -54.901756321414844], [1.5066348177715667, 50.883870667809454], [0.1991553674398492, -58.693489042901064], [-45.416912171302464, -47.753083747972155], [-22.494714254109923, 58.80169876581198], [-19.551216803466364, 24.890586585584536], [46.26625572737618, 33.634945571315704], [10.315308034962381, 12.74018185478641], [17.519317095838556, -37.854566801786426], [24.5457772796318, 44.23046442703262], [65.76473679568228, 12.598653070745565], [37.61390651996095, -69.23847479495231], [69.08189608931039, -38.8444700155113], [27.195217760001896, 85.92705605174224], [-19.783386664123285, -34.162785303685766], [-80.84335860152973, -4.042185429239699], [-43.03646499146082, -31.858861955905404], [50.636996474933234, -8.731688973663614], [4.080344544776523, -9.10596244200231], [34.823138921803526, -24.553908307175274], [-3.804375663347228, -46.47127057565139], [-13.915428291399836, 0.7219350944304912], [-35.5418108967625, -58.813110156811405], [-76.08898169831795, 15.638781560133431], [35.45734836565729, -55.59977311020417], [71.50061502000072, 72.48855919201635], [-69.27712340931544, -43.79168619328906], [-4.839139530671425, 38.862526950150375], [32.594577215946835, 24.039036807699055], [-37.024359129362715, 44.71179765623846], [-42.116084656437174, -79.19669428776324], [36.77481277157312, 56.96873039450074], [-9.960094392792682, 82.04702456904455], [86.60930210723866, 33.48365396540613], [-30.50484410130906, 33.739436069921325], [-53.71309240709116, -4.696444469215842], [-24.729369439871487, 10.086193269797784], [44.78018010547557, 21.91221131418992], [4.686263613722247, -71.29915024781528], [-49.76995249474659, 37.74717180098707], [-36.19717844291226, 63.128528874111765], [-57.08526095563258, -83.009835019166], [50.249016629404345, 54.86789179000742], [9.294823530342798, -47.307468831229656], [-27.80724969379373, -5.693560835126834], [-84.74204091861155, -33.12791361314448], [-60.842982127213226, 57.994718716480286], [-0.9311022406392236, 4.788031042990179], [34.27999218425344, 35.8892867906696], [54.68879332858245, 41.83431180374077], [-13.388730561154306, -54.36727433086125], [34.95150006893625, -91.56371736328887], [-23.513665714718314, -70.56048048249686], [77.88309374879196, 45.83920719277436], [24.614217734051657, -61.94666789344676], [-20.098559234422176, 37.024360721346845], [-66.93025950513119, 6.7473539587445455], [-30.494304932545262, 21.24908777172081], [17.058186822241574, 21.312674071076597], [-28.832460224538565, -24.50584056305682], [-20.46002480021495, -16.96511275259808], [-59.272418208144046, -50.22019898583765], [-12.34926087626053, 51.79199417851509], [-54.15917739296478, -32.926807139838296], [36.37684224696406, 71.89697671465562], [-66.08029301300765, -32.62037351264534], [64.11760297077663, -22.044200971839075], [56.204830639582354, 24.174871541039497], [-48.33913076328124, 18.017383778385646], [-3.921633792604314, 65.44762693588221], [16.96987826421107, -72.80503080686296], [-5.025561597992587, -78.83834399843384], [-14.074950056875968, 13.59313110123431], [-99.7630881349833, -18.405391982140642], [14.762731955509807, -92.63883874627186], [23.379049158006822, 57.30673821100507], [71.79099648250921, 24.306066243983153], [-41.28018082142996, 28.671146872349688], [25.92348232699028, 7.364828092432472], [51.36193829577511, 70.14103014921257], [19.94291219117853, 73.25688866509157], [6.07278676411875, -33.597029758485064], [-49.716161450262554, -21.5463885940226], [66.00459150312335, 56.41723611736487], [41.90892941482583, 44.96640315369901], [15.232339447601943, 41.34218214581059], [52.37138139765227, 9.973743369641323], [-65.36002396812326, -5.016497630384663], [21.092360876790025, -49.9662035449836], [63.40775849673703, 33.71580287747858], [30.965122399969836, -41.74569300391426], [11.486151491837113, -60.65064622378876], [3.8640822776538335, 30.612009344765035], [39.08331892134933, 12.326632592181403], [-43.209962810480356, -9.17307050204192], [-8.733995499799867, -66.34590080064454], [-6.3528323623550556, 22.45993409405648], [-37.70935673970828, 10.828421273118801], [39.67192545888707, 0.5061044700965279]]}