{"cluster": [0, 0, 0, 0, 0, 0, 0, 0, 0, 0], "groups": [55094, 53939, 47, 71190, 37104, 52505, 61685, 28957, 41245, 20591], "mat": [[0.00017596521298728705, 4.008861317270288e-05], [9.766215682605112e-05, 0.00022250624711524407], [0.0001860806366452408, -9.676703154360249e-05], [9.499136231276258e-05, -1.4874509460284472e-05], [-9.681318673262907e-06, 4.0858396475576234e-05], [1.4713067404479552e-05, 0.0001445916478963606], [7.612225183713273e-05, 1.2308667873507505e-05], [4.46255605572752e-05, 3.3478499790695795e-05], [0.00014915569792747134, -2.0243546068764997e-05], [3.1562227722931685e-05, -8.450691707172675e-05]]}