{"groups": [1, 2, 3, 4, 5, 6, 7, 8, 9, 10, 11, 12, 13, 14, 15, 16, 17, 18, 19, 20, 21, 22, 23, 24, 25, 26, 27, 28, 29, 30, 31, 32, 33, 34, 35, 36, 37, 38, 39, 40, 41, 42, 43, 44, 45, 46, 47, 48, 49, 50, 51, 52, 53, 54, 55, 56, 57, 58, 59, 60, 61, 62, 63, 64, 65, 66, 67, 68, 69, 70, 71, 72, 73, 74, 75, 76, 77, 78, 79, 80, 81, 82, 83, 84, 85, 86, 87, 88, 89, 90, 91, 92, 93, 94, 95, 96, 97, 98, 99, 100], "mat": [[58.48702246888241, 9.168802461620304], [70.64331133581798, 12.505843577388013], [50.4491806976412, 18.157501827492997], [-10.157014399913027, 65.75451937250776], [70.42186440366602, -46.09800881764747], [2.611852999551004, 78.61260765194719], [62.86816770858495, 61.62145619960356], [13.788216070865376, 33.26459062413813], [23.5325014115647, 42.07799866563439], [75.09806954357859, 35.413598920175666], [84.95742287994294, -2.511838159700244], [39.609335325757506, 10.785839156727144], [43.38753507123407, -0.803404313604329], [42.589801718374815, 56.544437792947335], [57.593685922023745, 77.0447081426431], [-6.560966953071255, 49.831050668026734], [9.31718533887377, 48.10017504367717], [17.742302373625503, 83.94714496181184], [31.845068580520923, 79.31136666927364], [29.638018491352234, 66.39025771174052], [28.148379695225287, 19.823064712804943], [-92.9799053626623, -16.91513385486065], [19.151769662930963, -31.526573774806455], [-47.902519400201754, 14.590020403232966], [-10.126494494413626, -25.727963584754736], [27.4900978225641, -167.22475801344058], [-61.14453975292469, -66.88778250870782], [-37.3681285317264, 26.921858112755892], [-19.286307656152303, -69.73044381572136], [-26.097473955632527, -41.208725766399276], [-51.612183683292145, -50.264211997924996], [-76.9606040798512, 47.143386045616985], [11.743575688849933, -84.63199261142401], [34.41498377005634, -80.28541633612498], [-41.33886365850906, -40.26678478248314], [-33.01265233644343, -52.702004641462715], [4.277906530631268, -35.157499797994014], [-13.492381451547933, -13.355882671773795], [-6.620158873252131, -55.53530114028516], [16.131894607013873, -53.593835465293076], [3.5091438726074617, -47.48115753160503], [4.859769350788079, -62.366889349702525], [-19.14567108647373, -54.251251100101925], [3.688300834072991, -19.00243085671559], [-77.765535013765, -1.429136143563975], [-5.51544752143322, -75.55365388193901], [-48.839656042771374, -83.20235478548554], [-48.40547873459878, 0.4084196772726263], [-54.75272858623773, -11.6469304803328], [-63.130173487722715, -27.950529735380446], [19.149376624636254, -69.99135764244502], [-11.11970001157275, -41.900717264611615], [29.93639671882372, -54.13519169393923], [-22.597962224843865, -29.312454329732223], [-85.63959855073269, 29.445129443194514], [-275.67209209331094, 241.2715127140706], [-23.974239525655157, -85.0365827852773], [71.85083884157754, -138.64030930290934], [183.4560470590045, 44.427564041414996], [-81.53487644626718, -39.09724049757965], [47.20316499638388, 38.52273567882687], [37.04263251645237, 31.545741889476503], [55.6956634125798, -1.9942858364202818], [34.99520231161438, -11.827263984071237], [47.68091514205513, 94.12217865962732], [84.34793512250056, 13.640462487796444], [69.60760394081194, -18.414518839401836], [15.277759975526768, 69.69630740306877], [-4.894636975875169, -96.01923406916751], [54.64344173231277, -14.298926894042454], [3.4805920586122583, 61.865775823471985], [18.826337069078388, 56.89900187430489], [69.05644685516323, -4.001855937687578], [56.20791175328694, -60.85796808969655], [55.80940794537931, 49.916352782789545], [30.87069926659137, 52.461114141823344], [57.24656824596782, -30.312554625323273], [61.97835815746408, 28.460116710951354], [45.71478056774723, 69.71362024344936], [0.7390697100537943, 14.892198001709362], [26.072570160343826, 0.025614823161486406], [15.341232879739428, 112.76580717439958], [43.31907713093043, -22.583696913353453], [-1.397470439033531, 36.70551589203865], [-33.27469238773589, -68.25956682093512], [-36.460596138107, -18.219093412521655], [-46.143249849530875, -65.11009768971904], [-78.75234283252313, -72.62080456341414], [-40.664233949546336, 55.277328749968255], [-35.05470622684446, 10.173943150268835], [-75.59576380268742, 12.568324411156839], [-62.57305190490477, 1.4211711925706587], [-48.69649874052818, -24.517979511892136], [-53.30765286016554, 45.52261811739925], [-70.2635528070516, -15.217195986107738], [-61.40570737983131, 16.069048787865928], [-20.696811994098713, 6.014390764713808], [-35.596401602535664, -4.512294388304044], [-103.6586200266406, 79.69701066395781], [-55.16640865750396, 31.332206539039134]]}